config,family,seed,epsilon,rounds,accuracy,balanced_accuracy,f1,auc,train_time_s,comm_mb,mia_auc,mia_adv,inv_acc,inv_baseline,inv_adv,leak_cos,leak_relerr,leak_success
Centralized,Centralized,0,inf,10,0.8622129436325678,0.8204797628138898,0.7637231503579952,0.8950114550110058,4.640230100019835,0.896272,0.5269667486533697,0.06958942240779398,0.8960244648318043,0.8957892260644554,0.0002352387673488776,1.0,0.0,1.0
FedAvg,FedAvg,0,inf,10,0.6360473208072372,0.6309633439647815,0.5161887141535615,0.6844458919186022,4.792947300011292,3.45984,0.5139542046393917,0.038970076548364596,0.8957892260644554,0.8957892260644554,0.0,1.0,3.0181072039030765e-17,1.0
FedAvg+SecAgg,SecAgg,0,inf,10,0.6360473208072372,0.6309633439647815,0.5161887141535615,0.6844458919186022,4.243002400035039,8.6496,0.5200286299697476,0.043145441892832315,0.8957892260644554,0.8957892260644554,0.0,0.20579323305876066,1.3690388847792851,0.04
FedAvg+DP(eps=5),DP,0,5.0,10,0.5629784272790536,0.5585092763128341,0.44028520499108736,0.5599445218094425,4.286289099953137,3.45984,0.5079088354353019,0.02713987473903967,0.7976946600799811,0.8957892260644554,-0.0980945659844743,0.865,3.6731770770585706e-17,0.865
FedAvg+DP(eps=50),DP,0,50.0,10,0.4244954766875435,0.5377038318134855,0.47954688483322844,0.5269552131530479,4.138790000113659,3.45984,0.48737051258396613,0.010438413361169102,0.7633498000470478,0.8957892260644554,-0.13243942601740766,0.975,3.764075410668483e-17,0.975
FedAvg+DP(eps=500),DP,0,499.99999999999994,10,0.4913013221990257,0.5559071919500471,0.4744787922358016,0.5761668388661785,4.230340700014494,3.45984,0.5022821165838325,0.018093249826026447,0.8212185368148671,0.8957892260644554,-0.07457068924958832,0.98,2.985511221243611e-17,0.98
FedAvg+DP+SecAgg(eps=5),DP+SecAgg,0,5.0,10,0.569937369519833,0.5701698036925564,0.455026455026455,0.5548032433403711,4.133992499788292,8.6496,0.5127670197470277,0.035490605427974956,0.8576805457539403,0.8957892260644554,-0.038108680310515175,-0.006042242344863662,2.2558730021305102,0.0
FedAvg+DP+SecAgg(eps=50),DP+SecAgg,0,50.0,10,0.5226165622825331,0.552412290552985,0.4546899841017488,0.5300188670769507,4.14442220015917,8.6496,0.5112183282170337,0.032707028531663185,0.7814631851329099,0.8957892260644554,-0.11432604093154553,-0.010667283455851394,2.2410487447635243,0.0
FedAvg+DP+SecAgg(eps=500),DP+SecAgg,0,499.99999999999994,10,0.49617258176757134,0.5385101747450698,0.4490106544901065,0.5394007456987556,3.9605651000747457,8.6496,0.5046453481868252,0.02435629784272797,0.8379204892966361,0.8957892260644554,-0.05786873676781934,-0.0106087873386747,2.1541827417270976,0.0
